epoch,train_loss,train_acc,val_loss,val_acc,time
1,0.842596969880475,66.62379421221866,0.7516844613211495,73.53896103896103,2.622297525405884
2,0.5145132733502955,82.50803858520901,0.6910624813723873,74.51298701298701,0.31612062454223633
3,0.32360518315980674,89.64630225080386,0.7070702391785461,74.18831168831169,0.31485676765441895
4,0.23489368138205965,91.57556270096462,0.6981938845151431,74.35064935064935,0.31793761253356934
5,0.16793358326796742,93.50482315112541,0.7448955882679332,74.35064935064935,0.3054530620574951
6,0.1363841914287334,94.79099678456592,0.755472554788961,73.7012987012987,0.31940388679504395
7,0.11237331468767675,95.49839228295819,0.7326833551580255,74.51298701298701,0.3160412311553955
